,hour_0,hour_1,hour_2,hour_3,hour_4,hour_5,hour_6,hour_7,hour_8,hour_9,hour_10,hour_11,hour_12,hour_13,hour_14,hour_15,hour_16,hour_17,hour_18,hour_19,hour_20,hour_21,hour_22,hour_23
Monday,0.6825000000000001,0.63,0.609,0.5775000000000001,0.63,0.735,0.8925,1.05,1.1550000000000002,1.1025,1.05,0.9974999999999999,0.9450000000000001,0.9974999999999999,1.05,1.1025,1.2075,1.26,1.3125,1.26,1.1550000000000002,1.05,0.8925,0.735
Tuesday,0.6825000000000001,0.63,0.609,0.5775000000000001,0.63,0.735,0.8925,1.05,1.1550000000000002,1.1025,1.05,0.9974999999999999,0.9450000000000001,0.9974999999999999,1.05,1.1025,1.2075,1.26,1.3125,1.26,1.1550000000000002,1.05,0.8925,0.735
Wednesday,0.6825000000000001,0.63,0.609,0.5775000000000001,0.63,0.735,0.8925,1.05,1.1550000000000002,1.1025,1.05,0.9974999999999999,0.9450000000000001,0.9974999999999999,1.05,1.1025,1.2075,1.26,1.3125,1.26,1.1550000000000002,1.05,0.8925,0.735
Thursday,0.6825000000000001,0.63,0.609,0.5775000000000001,0.63,0.735,0.8925,1.05,1.1550000000000002,1.1025,1.05,0.9974999999999999,0.9450000000000001,0.9974999999999999,1.05,1.1025,1.2075,1.26,1.3125,1.26,1.1550000000000002,1.05,0.8925,0.735
Friday,0.6825000000000001,0.63,0.609,0.5775000000000001,0.63,0.735,0.8925,1.05,1.1550000000000002,1.1025,1.05,0.9974999999999999,0.9450000000000001,0.9974999999999999,1.05,1.1025,1.2075,1.26,1.3125,1.26,1.1550000000000002,1.05,0.8925,0.735
Saturday,0.5525,0.51,0.49299999999999994,0.4675,0.51,0.595,0.7224999999999999,0.85,0.935,0.8925,0.85,0.8075,0.765,0.8075,0.85,0.8925,0.9774999999999999,1.02,1.0625,1.02,0.935,0.85,0.7224999999999999,0.595
Sunday,0.52,0.48,0.46399999999999997,0.44000000000000006,0.48,0.5599999999999999,0.68,0.8,0.8800000000000001,0.8400000000000001,0.8,0.76,0.7200000000000001,0.76,0.8,0.8400000000000001,0.9199999999999999,0.96,1.0,0.96,0.8800000000000001,0.8,0.68,0.5599999999999999
