Feature,Importance
time_sensitivity,0.4930860142456517
charging_need,0.30381635936309753
range_anxiety,0.08214922484664149
price_sensitivity,0.0783556032496808
battery_capacity,0.019743745406784245
current_charge_pct,0.01899533119708052
charging_frequency,0.0038537216910638295
